activityId,patientId,activityExplaination,earliestStartTime,latestStartTime,duration,synchronisation,skillRequirement,presedence,sameEmployeeActivityId,visitId,treatmentId,treatmentExplaination,patterns,patternType,numOfVisits,utility,location,continuityGroup,heaviness,employeeRestriction,employeeHistory
1,1,healthcare,600,630,90,0,2,(),0,1,1,explanation,(1),1,5,2,"(59.8955, 10.8105)",1,1,(),"(3,6,2,3,3,2,2,2,2)"
2,1,healthcare,600,630,90,0,2,(),0,2,1,explanation,(1),1,5,2,"(59.8955, 10.8105)",1,1,(),"(3,6,2,3,3,2,2,2,2)"
3,1,healthcare,600,630,90,0,2,(),0,3,1,explanation,(1),1,5,2,"(59.8955, 10.8105)",1,1,(),"(3,6,2,3,3,2,2,2,2)"
4,1,healthcare,600,630,90,0,2,(),0,4,1,explanation,(1),1,5,2,"(59.8955, 10.8105)",1,1,(),"(3,6,2,3,3,2,2,2,2)"
5,1,healthcare,600,630,90,0,2,(),0,5,1,explanation,(1),1,5,2,"(59.8955, 10.8105)",1,1,(),"(3,6,2,3,3,2,2,2,2)"
6,2,healthcare,100,200,60,0,2,(),0,6,2,explanation,(7),3,3,3,"(59.9557, 10.7423)",3,3,(),"(6,2,6,4,5,4,2,6,3,5,3,3)"
7,2,healthcare,100,200,60,0,2,(),0,7,2,explanation,(7),3,3,3,"(59.9557, 10.7423)",3,3,(),"(6,2,6,4,5,4,2,6,3,5,3,3)"
8,2,healthcare,100,200,60,0,2,(),0,8,2,explanation,(7),3,3,3,"(59.9557, 10.7423)",3,3,(),"(6,2,6,4,5,4,2,6,3,5,3,3)"
9,3,healthcare,960,1000,120,0,2,"(10, 11: 45)",0,9,3,explanation,"(15, 16, 17, 18, 19)",6,1,3,"(59.9121, 10.7733)",2,2,(),"(3,3,3,3,3,3,5,6,6,6,6,4,3,3,3,6,3,6,3,6,6,6,6,2,2)"
10,3,equipment,1080,1155,10,0,1,(11),11,9,3,explanation,"(15, 16, 17, 18, 19)",6,1,3,"(59.9121, 10.7733)",2,2,(),"(3,3,3,3,3,3,5,6,6,6,6,4,3,3,3,6,3,6,3,6,6,6,6,2,2)"
11,3,equipment,1090,1165,10,0,1,(),10,9,3,explanation,"(15, 16, 17, 18, 19)",6,1,3,"(59.9365, 10.7396)",2,2,(),"(3,3,3,3,3,3,5,6,6,6,6,4,3,3,3,6,3,6,3,6,6,6,6,2,2)"
12,4,healthcare,1350,1440,45,0,2,(),0,10,4,explanation,(1),1,5,5,"(59.9404, 10.8046)",1,3,(3),"(6,6,6,6,2,6,6,2,6,6,6)"
13,4,healthcare,1350,1440,45,0,2,(),0,11,4,explanation,(1),1,5,5,"(59.9404, 10.8046)",1,3,(3),"(6,6,6,6,2,6,6,2,6,6,6)"
14,4,healthcare,1350,1440,45,0,2,(),0,12,4,explanation,(1),1,5,5,"(59.9404, 10.8046)",1,3,(3),"(6,6,6,6,2,6,6,2,6,6,6)"
15,4,healthcare,1350,1440,45,0,2,(),0,13,4,explanation,(1),1,5,5,"(59.9404, 10.8046)",1,3,(3),"(6,6,6,6,2,6,6,2,6,6,6)"
16,4,healthcare,1350,1440,45,0,2,(),0,14,4,explanation,(1),1,5,5,"(59.9404, 10.8046)",1,3,(3),"(6,6,6,6,2,6,6,2,6,6,6)"
17,15,healthcare,850,915,45,18,2,(),0,15,5,explanation,"(15, 16, 17, 18, 19)",6,1,1.5,"(59.8357, 10.8304)",3,5,(),()
18,15,healthcare,850,915,45,17,3,(),0,15,5,explanation,"(15, 16, 17, 18, 19)",6,1,1.5,"(59.8357, 10.8304)",3,5,(),()
19,5,equipment,405,560,10,0,1,"(20, 21: 75)",20,17,6,explanation,(7),3,3,3,"(59.9365, 10.7396)",3,2,(),"(4,4,4,4,4,4,5)"
20,5,equipment,415,570,10,0,1,(21),19,17,6,explanation,(7),3,3,3,"(59.8357, 10.8304)",3,2,(),"(4,4,4,4,4,4,5)"
21,5,healthcare,480,580,75,0,3,(),0,17,6,explanation,(7),3,3,3,"(59.8357, 10.8304)",3,3,(),"(4,4,4,4,4,4,5)"
22,5,equipment,405,560,10,0,1,"(23, 24: 75)",23,18,6,explanation,(7),3,3,3,"(59.9365, 10.7396)",3,2,(),"(4,4,4,4,4,4,5)"
23,5,equipment,415,570,10,0,1,(24),22,18,6,explanation,(7),3,3,3,"(59.8357, 10.8304)",3,2,(),"(4,4,4,4,4,4,5)"
24,5,healthcare,480,580,75,0,3,(),0,18,6,explanation,(7),3,3,3,"(59.8357, 10.8304)",3,3,(),"(4,4,4,4,4,4,5)"
25,5,equipment,405,560,10,0,1,"(26, 27: 75)",26,19,6,explanation,(7),3,3,3,"(59.9365, 10.7396)",3,2,(),"(4,4,4,4,4,4,5)"
26,5,equipment,415,570,10,0,1,(27),25,19,6,explanation,(7),3,3,3,"(59.8357, 10.8304)",3,2,(),"(4,4,4,4,4,4,5)"
27,5,healthcare,480,580,75,0,3,(),0,19,6,explanation,(7),3,3,3,"(59.8357, 10.8304)",3,3,(),"(4,4,4,4,4,4,5)"
28,7,healthcare,680,720,60,0,3,(),0,22,7,explanation,(1),1,5,5,"(59.8337, 10.8578)",2,3,(),"(6,2,6,2,3,4,5,2,2,2,3,4,2,3,2,5,2,3,2,2,3,5,3,2,3,3,5,2,3)"
29,7,healthcare,680,720,60,0,3,(),0,23,7,explanation,(1),1,5,5,"(59.8337, 10.8578)",2,3,(),"(6,2,6,2,3,4,5,2,2,2,3,4,2,3,2,5,2,3,2,2,3,5,3,2,3,3,5,2,3)"
30,7,healthcare,680,720,60,0,3,(),0,24,7,explanation,(1),1,5,5,"(59.8337, 10.8578)",2,3,(),"(6,2,6,2,3,4,5,2,2,2,3,4,2,3,2,5,2,3,2,2,3,5,3,2,3,3,5,2,3)"
31,7,healthcare,680,720,60,0,3,(),0,25,7,explanation,(1),1,5,5,"(59.8337, 10.8578)",2,3,(),"(6,2,6,2,3,4,5,2,2,2,3,4,2,3,2,5,2,3,2,2,3,5,3,2,3,3,5,2,3)"
32,7,healthcare,680,720,60,0,3,(),0,26,7,explanation,(1),1,5,5,"(59.8337, 10.8578)",2,3,(),"(6,2,6,2,3,4,5,2,2,2,3,4,2,3,2,5,2,3,2,2,3,5,3,2,3,3,5,2,3)"
33,8,equipment,650,700,10,0,1,"(34, 35: 30)",34,27,8,explanation,"(11, 12, 13, 14)",5,2,4,"(59.9365, 10.7396)",3,2,(),"(2,5,6,5,6,6,6,6,6,6,5,6,5,6,4,5,6,6,5,4)"
34,8,equipment,660,710,10,0,1,(35),33,27,8,explanation,"(11, 12, 13, 14)",5,2,4,"(59.9005, 10.8447)",1,2,(),"(2,5,6,5,6,6,6,6,6,6,5,6,5,6,4,5,6,6,5,4)"
35,8,healthcare,680,720,65,0,3,"(36, 37: 30)",0,27,8,explanation,"(11, 12, 13, 14)",5,2,4,"(59.9005, 10.8447)",1,4,(),"(2,5,6,5,6,6,6,6,6,6,5,6,5,6,4,5,6,6,5,4)"
36,8,equipment,745,805,10,0,1,(37),37,27,8,explanation,"(11, 12, 13, 14)",5,2,4,"(59.9005, 10.8447)",1,2,(),"(2,5,6,5,6,6,6,6,6,6,5,6,5,6,4,5,6,6,5,4)"
37,8,equipment,755,815,10,0,1,(),36,27,8,explanation,"(11, 12, 13, 14)",5,2,4,"(59.9365, 10.7396)",1,2,(),"(2,5,6,5,6,6,6,6,6,6,5,6,5,6,4,5,6,6,5,4)"
38,8,equipment,650,700,10,0,1,"(39, 40: 30)",39,28,8,explanation,"(11, 12, 13, 14)",5,2,4,"(59.9365, 10.7396)",1,2,(),"(2,5,6,5,6,6,6,6,6,6,5,6,5,6,4,5,6,6,5,4)"
39,8,equipment,660,710,10,0,1,(40),38,28,8,explanation,"(11, 12, 13, 14)",5,2,4,"(59.9005, 10.8447)",1,2,(),"(2,5,6,5,6,6,6,6,6,6,5,6,5,6,4,5,6,6,5,4)"
40,8,healthcare,680,720,65,0,3,"(41, 42: 30)",0,28,8,explanation,"(11, 12, 13, 14)",5,2,4,"(59.9005, 10.8447)",1,4,(),"(2,5,6,5,6,6,6,6,6,6,5,6,5,6,4,5,6,6,5,4)"
41,8,equipment,745,805,10,0,1,(42),42,28,8,explanation,"(11, 12, 13, 14)",5,2,4,"(59.9005, 10.8447)",1,2,(),"(2,5,6,5,6,6,6,6,6,6,5,6,5,6,4,5,6,6,5,4)"
42,8,equipment,755,815,10,0,1,(),41,28,8,explanation,"(11, 12, 13, 14)",5,2,4,"(59.9365, 10.7396)",1,2,(),"(2,5,6,5,6,6,6,6,6,6,5,6,5,6,4,5,6,6,5,4)"
43,9,healthcare,510,570,70,0,2,(),0,29,9,explanation,"(8, 9, 10)",4,2,4,"(59.9271, 10.6585)",1,3,(),"(2,3,4,5,6,2,3,4,5,6,2,3,4,5,6)"
44,9,healthcare,510,570,70,0,2,(),0,30,9,explanation,"(8, 9, 10)",4,2,4,"(59.9271, 10.6585)",1,3,(),"(2,3,4,5,6,2,3,4,5,6,2,3,4,5,6)"
45,10,healthcare,350,480,80,0,2,(),0,31,10,explanation,(1),1,5,5,"(59.9218, 10.7266)",1,4,(2),"(4,3,4,3,4,4,4,4,5,6,5,4,4,4,4,3,4,4,5,6,5,4,3,4,4,5,4,3,4,5,6)"
46,10,healthcare,350,480,80,0,2,(),0,32,10,explanation,(1),1,5,5,"(59.9218, 10.7266)",1,4,(2),"(4,3,4,3,4,4,4,4,5,6,5,4,4,4,4,3,4,4,5,6,5,4,3,4,4,5,4,3,4,5,6)"
47,10,healthcare,350,480,80,0,2,(),0,33,10,explanation,(1),1,5,5,"(59.9218, 10.7266)",1,4,(2),"(4,3,4,3,4,4,4,4,5,6,5,4,4,4,4,3,4,4,5,6,5,4,3,4,4,5,4,3,4,5,6)"
48,10,healthcare,350,480,80,0,2,(),0,34,10,explanation,(1),1,5,5,"(59.9218, 10.7266)",1,4,(2),"(4,3,4,3,4,4,4,4,5,6,5,4,4,4,4,3,4,4,5,6,5,4,3,4,4,5,4,3,4,5,6)"
49,10,healthcare,350,480,80,0,2,(),0,35,10,explanation,(1),1,5,5,"(59.9218, 10.7266)",1,4,(2),"(4,3,4,3,4,4,4,4,5,6,5,4,4,4,4,3,4,4,5,6,5,4,3,4,4,5,4,3,4,5,6)"
50,11,healthcare,630,700,55,0,2,"(51, 52: 90)",0,36,11,explanation,"(2, 3, 4, 5, 6)",2,4,5,"(59.9640, 10.7386)",1,3,(),"(2,6,2,6,6,6,6,6,6,6,6,2,6,6,6,6,6,6,6,2,5,4,3)"
51,11,equipment,685,835,10,0,1,(52),52,36,11,explanation,"(2, 3, 4, 5, 6)",2,4,4,"(59.9640, 10.7386)",1,2,(),"(2,6,2,6,6,6,6,6,6,6,6,2,6,6,6,6,6,6,6,2,5,4,3)"
52,11,equipment,695,845,30,0,1,(),51,36,11,explanation,"(2, 3, 4, 5, 6)",2,4,4,"(59.9365, 10.7396)",1,2,(),"(2,6,2,6,6,6,6,6,6,6,6,2,6,6,6,6,6,6,6,2,5,4,3)"
53,11,healthcare,630,700,55,0,2,"(54, 55: 90)",0,37,11,explanation,"(2, 3, 4, 5, 6)",2,4,5,"(59.9640, 10.7386)",1,3,(),"(2,6,2,6,6,6,6,6,6,6,6,2,6,6,6,6,6,6,6,2,5,4,3)"
54,11,equipment,685,835,10,0,1,(55),55,37,11,explanation,"(2, 3, 4, 5, 6)",2,4,4,"(59.9640, 10.7386)",1,2,(),"(2,6,2,6,6,6,6,6,6,6,6,2,6,6,6,6,6,6,6,2,5,4,3)"
55,11,equipment,695,845,30,0,1,(),54,37,11,explanation,"(2, 3, 4, 5, 6)",2,4,4,"(59.9365, 10.7396)",1,2,(),"(2,6,2,6,6,6,6,6,6,6,6,2,6,6,6,6,6,6,6,2,5,4,3)"
56,11,healthcare,630,700,55,0,2,"(57, 58: 90)",0,38,11,explanation,"(2, 3, 4, 5, 6)",2,4,5,"(59.9640, 10.7386)",1,3,(),"(2,6,2,6,6,6,6,6,6,6,6,2,6,6,6,6,6,6,6,2,5,4,3)"
57,11,equipment,685,835,10,0,1,(58),58,38,11,explanation,"(2, 3, 4, 5, 6)",2,4,4,"(59.9640, 10.7386)",1,2,(),"(2,6,2,6,6,6,6,6,6,6,6,2,6,6,6,6,6,6,6,2,5,4,3)"
58,11,equipment,695,845,30,0,1,(),57,38,11,explanation,"(2, 3, 4, 5, 6)",2,4,4,"(59.9365, 10.7396)",1,2,(),"(2,6,2,6,6,6,6,6,6,6,6,2,6,6,6,6,6,6,6,2,5,4,3)"
59,11,healthcare,630,700,55,0,2,"(60, 61: 90)",0,39,11,explanation,"(2, 3, 4, 5, 6)",2,4,5,"(59.9640, 10.7386)",1,3,(),"(2,6,2,6,6,6,6,6,6,6,6,2,6,6,6,6,6,6,6,2,5,4,3)"
60,11,equipment,685,835,10,0,1,(61),61,39,11,explanation,"(2, 3, 4, 5, 6)",2,4,4,"(59.9640, 10.7386)",1,2,(),"(2,6,2,6,6,6,6,6,6,6,6,2,6,6,6,6,6,6,6,2,5,4,3)"
61,11,equipment,695,845,30,0,1,(),60,39,11,explanation,"(2, 3, 4, 5, 6)",2,4,4,"(59.9365, 10.7396)",1,2,(),"(2,6,2,6,6,6,6,6,6,6,6,2,6,6,6,6,6,6,6,2,5,4,3)"
62,12,healthcare,480,540,60,0,2,"(63, 64: 120)",0,40,12,explanation,(7),3,3,4,"(59.9087, 10.6908)",2,2,(),"(3,3,5,4,5,2,2,5,3,3,5,5,3,4,5,3,6,6,4,5,5,3,3,5,2,5,3,3,2,3,5,5,3,5,5)"
63,12,equipment,540,710,10,0,1,(64),64,40,12,explanation,(7),3,3,4,"(59.9087, 10.6908)",2,2,(),"(3,3,5,4,5,2,2,5,3,3,5,5,3,4,5,3,6,6,4,5,5,3,3,5,2,5,3,3,2,3,5,5,3,5,5)"
64,12,equipment,550,720,15,0,1,(),63,40,12,explanation,(7),3,3,4,"(59.9365, 10.7396)",2,2,(),"(3,3,5,4,5,2,2,5,3,3,5,5,3,4,5,3,6,6,4,5,5,3,3,5,2,5,3,3,2,3,5,5,3,5,5)"
65,12,healthcare,480,540,60,0,2,"(66, 67: 120)",0,41,12,explanation,(7),3,3,4,"(59.9087, 10.6908)",2,2,(),"(3,3,5,4,5,2,2,5,3,3,5,5,3,4,5,3,6,6,4,5,5,3,3,5,2,5,3,3,2,3,5,5,3,5,5)"
66,12,equipment,540,710,10,0,1,(67),67,41,12,explanation,(7),3,3,4,"(59.9087, 10.6908)",2,2,(),"(3,3,5,4,5,2,2,5,3,3,5,5,3,4,5,3,6,6,4,5,5,3,3,5,2,5,3,3,2,3,5,5,3,5,5)"
67,12,equipment,550,720,15,0,1,(),66,41,12,explanation,(7),3,3,4,"(59.9365, 10.7396)",2,2,(),"(3,3,5,4,5,2,2,5,3,3,5,5,3,4,5,3,6,6,4,5,5,3,3,5,2,5,3,3,2,3,5,5,3,5,5)"
68,12,healthcare,480,540,60,0,2,"(69, 70: 120)",0,42,12,explanation,(7),3,3,4,"(59.9087, 10.6908)",2,2,(),"(3,3,5,4,5,2,2,5,3,3,5,5,3,4,5,3,6,6,4,5,5,3,3,5,2,5,3,3,2,3,5,5,3,5,5)"
69,12,equipment,540,710,10,0,1,(70),70,42,12,explanation,(7),3,3,4,"(59.9087, 10.6908)",2,2,(),"(3,3,5,4,5,2,2,5,3,3,5,5,3,4,5,3,6,6,4,5,5,3,3,5,2,5,3,3,2,3,5,5,3,5,5)"
70,12,equipment,550,720,15,0,1,(),69,42,12,explanation,(7),3,3,4,"(59.9365, 10.7396)",2,2,(),"(3,3,5,4,5,2,2,5,3,3,5,5,3,4,5,3,6,6,4,5,5,3,3,5,2,5,3,3,2,3,5,5,3,5,5)"
71,6,healthcare,500,520,75,0,2,(),0,43,13,explanation,(1),1,5,4,"(59.9240, 10.6799)",3,2,(),"(5,6,4,6,6,5,5,6,4,5,5,5,3,6,6)"
72,6,healthcare,500,520,75,0,2,(),0,44,13,explanation,(1),1,5,4,"(59.9240, 10.6799)",3,2,(),"(5,6,4,6,6,5,5,6,4,5,5,5,3,6,6)"
73,6,healthcare,500,520,75,0,2,(),0,45,13,explanation,(1),1,5,4,"(59.9240, 10.6799)",3,2,(),"(5,6,4,6,6,5,5,6,4,5,5,5,3,6,6)"
74,6,healthcare,500,520,75,0,2,(),0,46,13,explanation,(1),1,5,4,"(59.9240, 10.6799)",3,2,(),"(5,6,4,6,6,5,5,6,4,5,5,5,3,6,6)"
75,6,healthcare,500,520,75,0,2,(),0,47,13,explanation,(1),1,5,4,"(59.9240, 10.6799)",3,2,(),"(5,6,4,6,6,5,5,6,4,5,5,5,3,6,6)"
76,13,healthcare,960,1000,65,0,3,(),0,48,14,explanation,(1),1,5,4,"(59.9012, 10.8505)",3,2,(),"(6,5,4,2,2,5,5,5,5,4,4,5,4,6,4,3,5,4,4,4,5)"
77,13,healthcare,960,1000,65,0,3,(),0,49,14,explanation,(1),1,5,4,"(59.9012, 10.8505)",3,2,(),"(6,5,4,2,2,5,5,5,5,4,4,5,4,6,4,3,5,4,4,4,5)"
78,13,healthcare,960,1000,65,0,3,(),0,50,14,explanation,(1),1,5,4,"(59.9012, 10.8505)",3,3,(),"(6,5,4,2,2,5,5,5,5,4,4,5,4,6,4,3,5,4,4,4,5)"
79,13,healthcare,960,1000,65,0,3,(),0,51,14,explanation,(1),1,5,4,"(59.9012, 10.8505)",3,2,(),"(6,5,4,2,2,5,5,5,5,4,4,5,4,6,4,3,5,4,4,4,5)"
80,13,healthcare,960,1000,65,0,3,(),0,52,14,explanation,(1),1,5,4,"(59.9012, 10.8505)",3,2,(),"(6,5,4,2,2,5,5,5,5,4,4,5,4,6,4,3,5,4,4,4,5)"
81,14,healthcare,550,600,75,0,2,"(82, 83: 75)",0,53,15,explanation,(1),1,5,3,"(59.9399, 10.8168)",2,5,(),"(4,3,4,4,5,4,6,4,4,3,6,4,5,4)"
82,14,equipment,625,745,5,0,1,(83),83,53,15,explanation,(1),1,5,3,"(59.9399, 10.8168)",2,2,(),"(4,3,4,4,5,4,6,4,4,3,6,4,5,4)"
83,14,equipment,630,750,20,0,1,(),82,53,15,explanation,(1),1,5,3,"(59.9365, 10.7396)",2,2,(),"(4,3,4,4,5,4,6,4,4,3,6,4,5,4)"
84,14,healthcare,550,600,75,0,2,"(85, 86: 75)",0,54,15,explanation,(1),1,5,3,"(59.9399, 10.8168)",2,5,(),"(4,3,4,4,5,4,6,4,4,3,6,4,5,4)"
85,14,equipment,625,745,5,0,1,(86),86,54,15,explanation,(1),1,5,3,"(59.9399, 10.8168)",2,2,(),"(4,3,4,4,5,4,6,4,4,3,6,4,5,4)"
86,14,equipment,630,750,20,0,1,(),85,54,15,explanation,(1),1,5,3,"(59.9365, 10.7396)",2,2,(),"(4,3,4,4,5,4,6,4,4,3,6,4,5,4)"
87,14,healthcare,550,600,75,0,2,"(88, 89: 75)",0,55,15,explanation,(1),1,5,3,"(59.9399, 10.8168)",2,5,(),"(4,3,4,4,5,4,6,4,4,3,6,4,5,4)"
88,14,equipment,625,745,5,0,1,(89),89,55,15,explanation,(1),1,5,3,"(59.9399, 10.8168)",2,2,(),"(4,3,4,4,5,4,6,4,4,3,6,4,5,4)"
89,14,equipment,630,750,20,0,1,(),88,55,15,explanation,(1),1,5,3,"(59.9365, 10.7396)",2,2,(),"(4,3,4,4,5,4,6,4,4,3,6,4,5,4)"
90,14,healthcare,550,600,75,0,2,"(91, 92: 75)",0,56,15,explanation,(1),1,5,3,"(59.9399, 10.8168)",2,5,(),"(4,3,4,4,5,4,6,4,4,3,6,4,5,4)"
91,14,equipment,625,745,5,0,1,(92),92,56,15,explanation,(1),1,5,3,"(59.9399, 10.8168)",2,2,(),"(4,3,4,4,5,4,6,4,4,3,6,4,5,4)"
92,14,equipment,630,750,20,0,1,(),91,56,15,explanation,(1),1,5,3,"(59.9365, 10.7396)",2,2,(),"(4,3,4,4,5,4,6,4,4,3,6,4,5,4)"
93,14,healthcare,550,600,75,0,2,"(94, 95: 75)",0,57,15,explanation,(1),1,5,3,"(59.9399, 10.8168)",2,5,(),"(4,3,4,4,5,4,6,4,4,3,6,4,5,4)"
94,14,equipment,625,745,5,0,1,(95),95,57,15,explanation,(1),1,5,3,"(59.9399, 10.8168)",2,2,(),"(4,3,4,4,5,4,6,4,4,3,6,4,5,4)"
95,14,equipment,630,750,20,0,1,(),94,57,15,explanation,(1),1,5,3,"(59.9365, 10.7396)",2,2,(),"(4,3,4,4,5,4,6,4,4,3,6,4,5,4)"
96,5,healthcare,590,620,70,0,2,(),0,58,16,explanation,(7),3,3,3,"(59.8357, 10.8304)",3,3,(),"(5,5,6,5,5,4,4,2,5,5)"
97,5,healthcare,590,620,70,0,2,(),0,59,16,explanation,(7),3,3,3,"(59.8357, 10.8304)",3,3,(),"(5,5,6,5,5,4,4,2,5,5)"
98,5,healthcare,590,620,70,0,2,(),0,60,16,explanation,(7),3,3,3,"(59.8357, 10.8304)",3,3,(),"(5,5,6,5,5,4,4,2,5,5)"
99,16,healthcare,600,650,55,0,3,(),0,61,17,explanation,"(8,9,10)",4,2,4,"(59.9255, 10.7633)",2,3,(),"(2,3,4,3,3,3,3,2,2,3,3,3,3,4,3,3,3,3,3,2,2,3,2,2,2,2)"
100,16,healthcare,600,650,55,0,2,(),0,61,17,explanation,"(8,9,10)",4,2,4,"(59.9255, 10.7633)",2,3,(),"(2,3,4,3,3,3,3,2,2,3,3,3,3,4,3,3,3,3,3,2,2,3,2,2,2,2)"
101,17,healthcare,1300,1400,55,0,2,(),0,62,18,explanation,"(15,16,17,18,19)",6,1,3,"(59.9404, 10.8308)",3,2,(),"(3,5,3,5,4,5,3,5,4,6,3,4,5,3,4,5,3,4)"
102,18,healthcare,590,680,55,0,2,(),0,63,19,explanation,"(11,12,13,14)",5,2,4,"(59.9404, 10.8308)",1,3,(),"(4,4,3,2)"
103,18,healthcare,590,680,55,0,2,(),0,64,19,explanation,"(11,12,13,14)",5,2,4,"(59.9404, 10.8308)",1,3,(),"(4,4,3,2)"
104,19,healthcare,700,800,70,0,3,(),0,65,20,explanation,"(15,16,17,18,19)",6,1,5,"(59.8712, 10.7871)",2,1,(),"(3,6,3,6,3,6,6,6,4,5,3,3,3,6)"
105,20,healthcare,480,560,60,0,2,(),0,66,21,explanation,"(2,3,4,5)",2,4,4,"(59.828, 10.8108)",1,4,(),"(2,2,2,6,4,6,5,2,2,2,2,2,3,3,4,2)"
106,20,healthcare,480,560,60,0,2,(),0,67,21,explanation,"(2,3,4,5)",2,4,4,"(59.828, 10.8108)",1,4,(),"(2,2,2,6,4,6,5,2,2,2,2,2,3,3,4,2)"
107,20,healthcare,480,560,60,0,2,(),0,68,21,explanation,"(2,3,4,5)",2,4,4,"(59.828, 10.8108)",1,4,(),"(2,2,2,6,4,6,5,2,2,2,2,2,3,3,4,2)"
108,20,healthcare,480,560,60,0,2,(),0,69,21,explanation,"(2,3,4,5)",2,4,4,"(59.828, 10.8108)",1,4,(),"(2,2,2,6,4,6,5,2,2,2,2,2,3,3,4,2)"
109,21,healthcare,600,700,75,0,3,(),0,70,22,explanation,"(15,16,17,18,19)",6,1,3,"(59.8720, 10.5269)",2,3,(),"(5,4,5,4,5,4,3,4,5,3,4,5,4,3,5,5,5,5,5,5,5,4,3,4,5,4,5)"
110,22,healthcare,700,800,55,121,2,(),0,71,23,explanation,"(15,16,17,18,19)",6,1,1,"(59.9163, 10.5948)",3,4,(),"(6,5,4,3,2)"
111,23,healthcare,800,900,60,0,2,(),0,72,24,explanation,"(11,12,13,14)",5,2,5,"(59.9182, 10.7830)",2,3,(),"(2,3,5,2,3,5,2,3,5,2,3,5,5,5,5,3,5,5,3,5,3,2,3,5,5,3,2,6)"
112,23,healthcare,800,900,60,0,2,(),0,73,24,explanation,"(11,12,13,14)",5,2,5,"(59.9182, 10.7830)",2,3,(),"(2,3,5,2,3,5,2,3,5,2,3,5,5,5,5,3,5,5,3,5,3,2,3,5,5,3,2,6)"
113,24,equipment,585,680,5,0,1,"(114, 115: 55)",114,74,25,explanation,"(15,16,17,18,19)",6,1,4,"(59.9365, 10.7396)",1,3,(),"(5,3,5,5,5,5,5,5,3,5,5,5,5,4,4,4,4,5,3,4,5)"
114,24,equipment,590,685,5,0,1,(115),113,74,25,explanation,"(15,16,17,18,19)",6,1,4,"(59.9344, 10.8263)",1,3,(),"(5,3,5,5,5,5,5,5,3,5,5,5,5,4,4,4,4,5,3,4,5)"
115,24,healthcare,610,690,50,0,3,"(116, 117: 45)",0,74,25,explanation,"(15,16,17,18,19)",6,1,4,"(59.9344, 10.8263)",1,3,(),"(5,3,5,5,5,5,5,5,3,5,5,5,5,4,4,4,4,5,3,4,5)"
116,24,equipment,660,785,5,0,1,(117),117,74,25,explanation,"(15,16,17,18,19)",6,1,4,"(59.9344, 10.8263)",1,3,(),"(5,3,5,5,5,5,5,5,3,5,5,5,5,4,4,4,4,5,3,4,5)"
117,24,equipment,665,795,5,0,1,(),116,74,25,explanation,"(15,16,17,18,19)",6,1,4,"(59.9365, 10.7396)",1,3,(),"(5,3,5,5,5,5,5,5,3,5,5,5,5,4,4,4,4,5,3,4,5)"
118,25,healthcare,730,800,65,0,2,(),0,75,26,explanation,(7),3,3,3,"(59.9502, 10.8210)",2,2,(),"(4,4,4,4,3,3,3,3,4,4,4,4,4,3,3,4,3,2,5,4,4)"
119,25,healthcare,730,800,65,0,2,(),0,76,26,explanation,(7),3,3,3,"(59.9502, 10.8210)",2,2,(),"(4,4,4,4,3,3,3,3,4,4,4,4,4,3,3,4,3,2,5,4,4)"
120,25,healthcare,730,800,65,0,2,(),0,77,26,explanation,(7),3,3,3,"(59.9502, 10.8210)",2,2,(),"(4,4,4,4,3,3,3,3,4,4,4,4,4,3,3,4,3,2,5,4,4)"
121,22,healthcare,700,800,55,110,2,(),0,71,23,explanation,"(15,16,17,18,19)",6,1,1,"(59.9163, 10.5948)",3,4,(),"(6,5,4,3,2)"

