id,patient,activityExplaination,earliestStartTime,latestStartTime,activityDuration,synchronisation,skillRequirement,presedence,sameEmployeeActivityID,visit,treatment,treatmentExplaination,patterns,patternType,numOfVisits,suitability,location,continuityGroup,heaviness,employeeRestriction,employeeHistory
1,1,healthcare,600,630,90,0,2,(),0,1,1,explanation,(1),1,5,2,"(59.8955, 10.8105)",1,1,(),"(3,6,7,2,3,3,2,2,2,2)"
2,1,healthcare,600,630,90,0,2,(),0,2,1,explanation,(1),1,5,2,"(59.8955, 10.8105)",1,1,(),"(3,6,7,2,3,3,2,2,2,2)"
3,1,healthcare,600,630,90,0,2,(),0,3,1,explanation,(1),1,5,2,"(59.8955, 10.8105)",1,1,(),"(3,6,7,2,3,3,2,2,2,2)"
4,1,healthcare,600,630,90,0,2,(),0,4,1,explanation,(1),1,5,2,"(59.8955, 10.8105)",1,1,(),"(3,6,7,2,3,3,2,2,2,2)"
5,1,healthcare,600,630,90,0,2,(),0,5,1,explanation,(1),1,5,2,"(59.8955, 10.8105)",1,1,(),"(3,6,7,2,3,3,2,2,2,2)"
6,2,healthcare,480,800,60,0,2,(),0,6,2,explanation,(7),3,3,3,"(59.9557, 10.7423)",3,3,(),"(6,7,2,6,4,5,7,4,2,7,6,7,7,3,5,3,3)"
7,2,healthcare,480,800,60,0,2,(),0,7,2,explanation,(7),3,3,3,"(59.9557, 10.7423)",3,3,(),"(6,7,2,6,4,5,7,4,2,7,6,7,7,3,5,3,3)"
8,2,healthcare,480,800,60,0,2,(),0,8,2,explanation,(7),3,3,3,"(59.9557, 10.7423)",3,3,(),"(6,7,2,6,4,5,7,4,2,7,6,7,7,3,5,3,3)"
9,3,healthcare,480,800,120,0,2,"(10, 11: 45)",0,9,3,explanation,"(15, 16, 17, 18, 19)",6,1,3,"(59.9121, 10.7733)",2,2,(),"(3,3,3,3,3,3,5,6,6,6,6,4,3,3,3,6,3,6,3,6,6,6,6,2,2)"
10,3,equipment,480,800,10,0,1,(11),11,9,3,explanation,"(15, 16, 17, 18, 19)",6,1,3,"(59.9121, 10.7733)",2,2,(),"(3,3,3,3,3,3,5,6,6,6,6,4,3,3,3,6,3,6,3,6,6,6,6,2,2)"
11,3,equipment,480,800,10,0,1,(),10,9,3,explanation,"(15, 16, 17, 18, 19)",6,1,3,"(59.9365, 10.7396)",2,2,(),"(3,3,3,3,3,3,5,6,6,6,6,4,3,3,3,6,3,6,3,6,6,6,6,2,2)"
12,4,healthcare,500,680,45,0,2,(),0,10,4,explanation,(1),1,5,3,"(59.9404, 10.8046)",3,3,(3),"(6,6,6,6,2,6,6,2,7,6,6,6)"
13,4,healthcare,500,680,45,0,2,(),0,11,4,explanation,(1),1,5,3,"(59.9404, 10.8046)",3,3,(3),"(6,6,6,6,2,6,6,2,7,6,6,6)"
14,4,healthcare,500,680,45,0,2,(),0,12,4,explanation,(1),1,5,3,"(59.9404, 10.8046)",3,3,(3),"(6,6,6,6,2,6,6,2,7,6,6,6)"
15,4,healthcare,500,680,45,0,2,(),0,13,4,explanation,(1),1,5,3,"(59.9404, 10.8046)",3,3,(3),"(6,6,6,6,2,6,6,2,7,6,6,6)"
16,4,healthcare,500,680,45,0,2,(),0,14,4,explanation,(1),1,5,3,"(59.9404, 10.8046)",3,3,(3),"(6,6,6,6,2,6,6,2,7,6,6,6)"
17,5,healthcare,480,900,60,18,3,(),0,15,5,explanation,"(15, 16, 17, 18, 19)",6,1,3,"(59.8357, 10.8304)",3,2,(),"(4,4,4,4,4,4,5)"
18,5,healthcare,480,900,60,17,3,(),0,16,5,explanation,"(15, 16, 17, 18, 19)",6,1,3,"(59.8357, 10.8304)",3,2,(),"(4,4,4,4,4,4,5)"
19,5,equipment,500,700,10,0,1,"(20, 21: 75)",20,17,6,explanation,(7),3,3,3,"(59.9365, 10.7396)",3,2,(),"(4,4,4,4,4,4,5)"
20,5,equipment,500,700,10,0,1,(21),19,17,6,explanation,(7),3,3,3,"(59.8357, 10.8304)",3,2,(),"(4,4,4,4,4,4,5)"
21,5,healthcare,500,700,75,0,3,(),0,17,6,explanation,(7),3,3,3,"(59.8357, 10.8304)",3,2,(),"(4,4,4,4,4,4,5)"
22,5,equipment,500,700,10,0,1,"(23, 24: 75)",23,18,6,explanation,(7),3,3,3,"(59.9365, 10.7396)",3,2,(),"(4,4,4,4,4,4,5)"
23,5,equipment,500,700,10,0,1,(24),22,18,6,explanation,(7),3,3,3,"(59.8357, 10.8304)",3,2,(),"(4,4,4,4,4,4,5)"
24,5,healthcare,500,700,75,0,3,(),0,18,6,explanation,(7),3,3,3,"(59.8357, 10.8304)",3,2,(),"(4,4,4,4,4,4,5)"
25,5,equipment,500,700,10,0,1,"(26, 27: 75)",26,19,6,explanation,(7),3,3,3,"(59.9365, 10.7396)",3,2,(),"(4,4,4,4,4,4,5)"
26,5,equipment,500,700,10,0,1,(27),25,19,6,explanation,(7),3,3,3,"(59.8357, 10.8304)",3,2,(),"(4,4,4,4,4,4,5)"
27,5,healthcare,500,700,75,0,3,(),0,19,6,explanation,(7),3,3,3,"(59.8357, 10.8304)",3,2,(),"(4,4,4,4,4,4,5)"
28,7,healthcare,480,960,60,0,3,(),0,22,7,explanation,(1),1,5,4,"(59.8337, 10.8578)",2,3,(),"(6,2,6,2,3,4,5,7,2,2,2,3,4,2,3,2,5,2,3,2,2,3,5,3,2,3,3,5,2,3)"
29,7,healthcare,480,960,60,0,3,(),0,23,7,explanation,(1),1,5,4,"(59.8337, 10.8578)",2,3,(),"(6,2,6,2,3,4,5,7,2,2,2,3,4,2,3,2,5,2,3,2,2,3,5,3,2,3,3,5,2,3)"
30,7,healthcare,480,960,60,0,3,(),0,24,7,explanation,(1),1,5,4,"(59.8337, 10.8578)",2,3,(),"(6,2,6,2,3,4,5,7,2,2,2,3,4,2,3,2,5,2,3,2,2,3,5,3,2,3,3,5,2,3)"
31,7,healthcare,480,960,60,0,3,(),0,25,7,explanation,(1),1,5,4,"(59.8337, 10.8578)",2,3,(),"(6,2,6,2,3,4,5,7,2,2,2,3,4,2,3,2,5,2,3,2,2,3,5,3,2,3,3,5,2,3)"
32,7,healthcare,480,960,60,0,3,(),0,26,7,explanation,(1),1,5,4,"(59.8337, 10.8578)",2,3,(),"(6,2,6,2,3,4,5,7,2,2,2,3,4,2,3,2,5,2,3,2,2,3,5,3,2,3,3,5,2,3)"
33,8,equipment,480,510,10,0,1,"(34, 35: 30)",34,27,8,explanation,"(11, 12, 13, 14)",5,2,4,"(59.9365, 10.7396)",3,4,(),"(7,7,7,7,2,5,6,7,5,6,7,6,6,7,6,6,6,7,5,6,7,5,6,7,4,5,6,7,6,5,4,7,7,7)"
34,8,equipment,480,510,10,0,1,(35),33,27,8,explanation,"(11, 12, 13, 14)",5,2,4,"(59.9005, 10.8447)",3,4,(),"(7,7,7,7,2,5,6,7,5,6,7,6,6,7,6,6,6,7,5,6,7,5,6,7,4,5,6,7,6,5,4,7,7,7)"
35,8,healthcare,480,510,65,0,3,"(36, 37: 30)",0,27,8,explanation,"(11, 12, 13, 14)",5,2,4,"(59.9005, 10.8447)",3,4,(),"(7,7,7,7,2,5,6,7,5,6,7,6,6,7,6,6,6,7,5,6,7,5,6,7,4,5,6,7,6,5,4,7,7,7)"
36,8,equipment,480,510,10,0,1,(37),37,27,8,explanation,"(11, 12, 13, 14)",5,2,4,"(59.9005, 10.8447)",3,4,(),"(7,7,7,7,2,5,6,7,5,6,7,6,6,7,6,6,6,7,5,6,7,5,6,7,4,5,6,7,6,5,4,7,7,7)"
37,8,equipment,480,510,10,0,1,(),36,27,8,explanation,"(11, 12, 13, 14)",5,2,4,"(59.9365, 10.7396)",3,4,(),"(7,7,7,7,2,5,6,7,5,6,7,6,6,7,6,6,6,7,5,6,7,5,6,7,4,5,6,7,6,5,4,7,7,7)"
38,8,equipment,480,510,10,0,1,"(39, 40: 30)",39,28,8,explanation,"(11, 12, 13, 14)",5,2,4,"(59.9365, 10.7396)",3,4,(),"(7,7,7,7,2,5,6,7,5,6,7,6,6,7,6,6,6,7,5,6,7,5,6,7,4,5,6,7,6,5,4,7,7,7)"
39,8,equipment,480,510,10,0,1,(40),38,28,8,explanation,"(11, 12, 13, 14)",5,2,4,"(59.9005, 10.8447)",3,4,(),"(7,7,7,7,2,5,6,7,5,6,7,6,6,7,6,6,6,7,5,6,7,5,6,7,4,5,6,7,6,5,4,7,7,7)"
40,8,healthcare,480,510,65,0,3,"(41, 42: 30)",0,28,8,explanation,"(11, 12, 13, 14)",5,2,4,"(59.9005, 10.8447)",3,4,(),"(7,7,7,7,2,5,6,7,5,6,7,6,6,7,6,6,6,7,5,6,7,5,6,7,4,5,6,7,6,5,4,7,7,7)"
41,8,equipment,480,510,10,0,1,(42),42,28,8,explanation,"(11, 12, 13, 14)",5,2,4,"(59.9005, 10.8447)",3,4,(),"(7,7,7,7,2,5,6,7,5,6,7,6,6,7,6,6,6,7,5,6,7,5,6,7,4,5,6,7,6,5,4,7,7,7)"
42,8,equipment,480,510,10,0,1,(),41,28,8,explanation,"(11, 12, 13, 14)",5,2,4,"(59.9365, 10.7396)",3,4,(),"(7,7,7,7,2,5,6,7,5,6,7,6,6,7,6,6,6,7,5,6,7,5,6,7,4,5,6,7,6,5,4,7,7,7)"
43,9,healthcare,480,960,70,0,2,(),0,29,9,explanation,"(8, 9, 10)",4,2,4,"(59.9271, 10.6585)",1,3,(),"(2,3,4,5,6,7,2,3,4,5,6,7,2,3,4,5,6,7)"
44,9,healthcare,480,960,70,0,2,(),0,30,9,explanation,"(8, 9, 10)",4,2,4,"(59.9271, 10.6585)",1,3,(),"(2,3,4,5,6,7,2,3,4,5,6,7,2,3,4,5,6,7)"
45,10,healthcare,480,620,80,0,2,(),0,31,10,explanation,(1),1,5,4,"(59.9218, 10.7266)",3,4,(2),"(4,3,4,3,4,4,4,4,5,6,5,4,4,4,4,3,4,4,5,6,5,4,3,4,4,5,4,3,4,5,6)"
46,10,healthcare,480,620,80,0,2,(),0,32,10,explanation,(1),1,5,4,"(59.9218, 10.7266)",3,4,(2),"(4,3,4,3,4,4,4,4,5,6,5,4,4,4,4,3,4,4,5,6,5,4,3,4,4,5,4,3,4,5,6)"
47,10,healthcare,480,620,80,0,2,(),0,33,10,explanation,(1),1,5,4,"(59.9218, 10.7266)",3,4,(2),"(4,3,4,3,4,4,4,4,5,6,5,4,4,4,4,3,4,4,5,6,5,4,3,4,4,5,4,3,4,5,6)"
48,10,healthcare,480,620,80,0,2,(),0,34,10,explanation,(1),1,5,4,"(59.9218, 10.7266)",3,4,(2),"(4,3,4,3,4,4,4,4,5,6,5,4,4,4,4,3,4,4,5,6,5,4,3,4,4,5,4,3,4,5,6)"
49,10,healthcare,480,620,80,0,2,(),0,35,10,explanation,(1),1,5,4,"(59.9218, 10.7266)",3,4,(2),"(4,3,4,3,4,4,4,4,5,6,5,4,4,4,4,3,4,4,5,6,5,4,3,4,4,5,4,3,4,5,6)"
50,11,healthcare,700,950,55,0,3,"(51, 52: 90)",0,36,11,explanation,"(2, 3, 4, 5, 6)",2,4,4,"(59.9640, 10.7386)",1,3,(),"(2,6,2,6,6,6,6,6,6,6,6,2,6,6,6,6,6,6,6,2,5,4,3)"
51,11,equipment,700,950,10,0,1,(52),52,36,11,explanation,"(2, 3, 4, 5, 6)",2,4,4,"(59.9640, 10.7386)",1,3,(),"(2,6,2,6,6,6,6,6,6,6,6,2,6,6,6,6,6,6,6,2,5,4,3)"
52,11,equipment,700,950,30,0,1,(),51,36,11,explanation,"(2, 3, 4, 5, 6)",2,4,4,"(59.9365, 10.7396)",1,3,(),"(2,6,2,6,6,6,6,6,6,6,6,2,6,6,6,6,6,6,6,2,5,4,3)"
53,11,healthcare,700,950,55,0,3,"(54, 55: 90)",0,37,11,explanation,"(2, 3, 4, 5, 6)",2,4,4,"(59.9640, 10.7386)",1,3,(),"(2,6,2,6,6,6,6,6,6,6,6,2,6,6,6,6,6,6,6,2,5,4,3)"
54,11,equipment,700,950,10,0,1,(55),55,37,11,explanation,"(2, 3, 4, 5, 6)",2,4,4,"(59.9640, 10.7386)",1,3,(),"(2,6,2,6,6,6,6,6,6,6,6,2,6,6,6,6,6,6,6,2,5,4,3)"
55,11,equipment,700,950,30,0,1,(),54,37,11,explanation,"(2, 3, 4, 5, 6)",2,4,4,"(59.9365, 10.7396)",1,3,(),"(2,6,2,6,6,6,6,6,6,6,6,2,6,6,6,6,6,6,6,2,5,4,3)"
56,11,healthcare,700,950,55,0,3,"(57, 58: 90)",0,38,11,explanation,"(2, 3, 4, 5, 6)",2,4,4,"(59.9640, 10.7386)",1,3,(),"(2,6,2,6,6,6,6,6,6,6,6,2,6,6,6,6,6,6,6,2,5,4,3)"
57,11,equipment,700,950,10,0,1,(58),58,38,11,explanation,"(2, 3, 4, 5, 6)",2,4,4,"(59.9640, 10.7386)",1,3,(),"(2,6,2,6,6,6,6,6,6,6,6,2,6,6,6,6,6,6,6,2,5,4,3)"
58,11,equipment,700,950,30,0,1,(),57,38,11,explanation,"(2, 3, 4, 5, 6)",2,4,4,"(59.9365, 10.7396)",1,3,(),"(2,6,2,6,6,6,6,6,6,6,6,2,6,6,6,6,6,6,6,2,5,4,3)"
59,11,healthcare,700,950,55,0,3,"(60, 61: 90)",0,39,11,explanation,"(2, 3, 4, 5, 6)",2,4,4,"(59.9640, 10.7386)",1,3,(),"(2,6,2,6,6,6,6,6,6,6,6,2,6,6,6,6,6,6,6,2,5,4,3)"
60,11,equipment,700,950,10,0,1,(61),61,39,11,explanation,"(2, 3, 4, 5, 6)",2,4,4,"(59.9640, 10.7386)",1,3,(),"(2,6,2,6,6,6,6,6,6,6,6,2,6,6,6,6,6,6,6,2,5,4,3)"
61,11,equipment,700,950,30,0,1,(),60,39,11,explanation,"(2, 3, 4, 5, 6)",2,4,4,"(59.9365, 10.7396)",1,3,(),"(2,6,2,6,6,6,6,6,6,6,6,2,6,6,6,6,6,6,6,2,5,4,3)"
62,12,healthcare,480,600,60,0,2,"(63, 64: 120)",0,40,12,explanation,(7),3,3,4,"(59.2339, 10.4446)",2,2,(),"(3,3,5,4,5,2,2,5,3,3,5,5,3,4,5,3,6,6,4,5,7,5,3,3,5,2,5,3,3,2,3,5,7,5,3,5,5)"
63,12,equipment,480,600,10,0,1,(64),64,40,12,explanation,(7),3,3,4,"(59.2339, 10.4446)",2,2,(),"(3,3,5,4,5,2,2,5,3,3,5,5,3,4,5,3,6,6,4,5,7,5,3,3,5,2,5,3,3,2,3,5,7,5,3,5,5)"
64,12,equipment,480,600,15,0,1,(),63,40,12,explanation,(7),3,3,4,"(59.9365, 10.7396)",2,2,(),"(3,3,5,4,5,2,2,5,3,3,5,5,3,4,5,3,6,6,4,5,7,5,3,3,5,2,5,3,3,2,3,5,7,5,3,5,5)"
65,12,healthcare,480,600,60,0,2,"(66, 67: 120)",0,41,12,explanation,(7),3,3,4,"(59.2339, 10.4446)",2,2,(),"(3,3,5,4,5,2,2,5,3,3,5,5,3,4,5,3,6,6,4,5,7,5,3,3,5,2,5,3,3,2,3,5,7,5,3,5,5)"
66,12,equipment,480,600,10,0,1,(67),67,41,12,explanation,(7),3,3,4,"(59.2339, 10.4446)",2,2,(),"(3,3,5,4,5,2,2,5,3,3,5,5,3,4,5,3,6,6,4,5,7,5,3,3,5,2,5,3,3,2,3,5,7,5,3,5,5)"
67,12,equipment,480,600,15,0,1,(),66,41,12,explanation,(7),3,3,4,"(59.9365, 10.7396)",2,2,(),"(3,3,5,4,5,2,2,5,3,3,5,5,3,4,5,3,6,6,4,5,7,5,3,3,5,2,5,3,3,2,3,5,7,5,3,5,5)"
68,12,healthcare,480,600,60,0,2,"(69, 70: 120)",0,42,12,explanation,(7),3,3,4,"(59.2339, 10.4446)",2,2,(),"(3,3,5,4,5,2,2,5,3,3,5,5,3,4,5,3,6,6,4,5,7,5,3,3,5,2,5,3,3,2,3,5,7,5,3,5,5)"
69,12,equipment,480,600,10,0,1,(70),70,42,12,explanation,(7),3,3,4,"(59.2339, 10.4446)",2,2,(),"(3,3,5,4,5,2,2,5,3,3,5,5,3,4,5,3,6,6,4,5,7,5,3,3,5,2,5,3,3,2,3,5,7,5,3,5,5)"
70,12,equipment,480,600,15,0,1,(),69,42,12,explanation,(7),3,3,4,"(59.9365, 10.7396)",2,2,(),"(3,3,5,4,5,2,2,5,3,3,5,5,3,4,5,3,6,6,4,5,7,5,3,3,5,2,5,3,3,2,3,5,7,5,3,5,5)"
71,6,healthcare,500,1200,75,0,2,(),0,43,13,explanation,(1),1,5,4,"(59.9240, 10.6799)",3,2,(),"(5,6,4,6,6,5,5,6,4,5,5,5,7,3,6,6)"
72,6,healthcare,500,1200,75,0,2,(),0,44,13,explanation,(1),1,5,4,"(59.9240, 10.6799)",3,2,(),"(5,6,4,6,6,5,5,6,4,5,5,5,7,3,6,6)"
73,6,healthcare,500,1200,75,0,2,(),0,45,13,explanation,(1),1,5,4,"(59.9240, 10.6799)",3,2,(),"(5,6,4,6,6,5,5,6,4,5,5,5,7,3,6,6)"
74,6,healthcare,500,1200,75,0,2,(),0,46,13,explanation,(1),1,5,4,"(59.9240, 10.6799)",3,2,(),"(5,6,4,6,6,5,5,6,4,5,5,5,7,3,6,6)"
75,6,healthcare,500,1200,75,0,2,(),0,47,13,explanation,(1),1,5,4,"(59.9240, 10.6799)",3,2,(),"(5,6,4,6,6,5,5,6,4,5,5,5,7,3,6,6)"
76,13,equipment,1000,1200,10,0,1,"(77, 78: 90)",77,48,14,explanation,"(15, 16, 17, 18, 19)",6,1,4,"(59.9365, 10.7396)",3,3,(),"(6,5,4,2,7,2,5,5,5,5,7,4,4,5,7,4,6,4,3,5,7,4,4,4,7,5)"
77,13,equipment,1000,1200,10,0,1,(78),76,48,14,explanation,"(15, 16, 17, 18, 19)",6,1,4,"(59.9012, 10.8505)",3,3,(),"(6,5,4,2,7,2,5,5,5,5,7,4,4,5,7,4,6,4,3,5,7,4,4,4,7,5)"
78,13,healthcare,1000,1200,65,0,3,"(79, 80: 30)",0,48,14,explanation,"(15, 16, 17, 18, 19)",6,1,4,"(59.9012, 10.8505)",3,3,(),"(6,5,4,2,7,2,5,5,5,5,7,4,4,5,7,4,6,4,3,5,7,4,4,4,7,5)"
79,13,equipment,1000,1200,10,0,1,(80),80,48,14,explanation,"(15, 16, 17, 18, 19)",6,1,4,"(59.9012, 10.8505)",3,3,(),"(6,5,4,2,7,2,5,5,5,5,7,4,4,5,7,4,6,4,3,5,7,4,4,4,7,5)"
80,13,equipment,1000,1200,10,0,1,(),79,48,14,explanation,"(15, 16, 17, 18, 19)",6,1,4,"(59.9365, 10.7396)",3,3,(),"(6,5,4,2,7,2,5,5,5,5,7,4,4,5,7,4,6,4,3,5,7,4,4,4,7,5)"
81,14,healthcare,200,400,75,0,2,"(82, 83: 75)",0,49,15,explanation,(1),1,5,3,"(59.9399, 10.8168)",2,2,(),"(4,7,3,4,4,5,4,6,4,7,4,3,6,7,4,7,7,5,4)"
82,14,equipment,200,400,5,0,2,(83),83,49,15,explanation,(1),1,5,3,"(59.9399, 10.8168)",2,2,(),"(4,7,3,4,4,5,4,6,4,7,4,3,6,7,4,7,7,5,4)"
83,14,equipment,200,400,20,0,2,(),82,49,15,explanation,(1),1,5,3,"(59.9365, 10.7396)",2,2,(),"(4,7,3,4,4,5,4,6,4,7,4,3,6,7,4,7,7,5,4)"
84,14,healthcare,200,400,75,0,2,"(85, 86: 75)",0,50,15,explanation,(1),1,5,3,"(59.9399, 10.8168)",2,2,(),"(4,7,3,4,4,5,4,6,4,7,4,3,6,7,4,7,7,5,4)"
85,14,equipment,200,400,5,0,2,(86),86,50,15,explanation,(1),1,5,3,"(59.9399, 10.8168)",2,2,(),"(4,7,3,4,4,5,4,6,4,7,4,3,6,7,4,7,7,5,4)"
86,14,equipment,200,400,20,0,2,(),85,50,15,explanation,(1),1,5,3,"(59.9365, 10.7396)",2,2,(),"(4,7,3,4,4,5,4,6,4,7,4,3,6,7,4,7,7,5,4)"
87,14,healthcare,200,400,75,0,2,"(88, 89: 75)",0,51,15,explanation,(1),1,5,3,"(59.9399, 10.8168)",2,2,(),"(4,7,3,4,4,5,4,6,4,7,4,3,6,7,4,7,7,5,4)"
88,14,equipment,200,400,5,0,2,(89),89,51,15,explanation,(1),1,5,3,"(59.9399, 10.8168)",2,2,(),"(4,7,3,4,4,5,4,6,4,7,4,3,6,7,4,7,7,5,4)"
89,14,equipment,200,400,20,0,2,(),88,51,15,explanation,(1),1,5,3,"(59.9365, 10.7396)",2,2,(),"(4,7,3,4,4,5,4,6,4,7,4,3,6,7,4,7,7,5,4)"
90,14,healthcare,200,400,75,0,2,"(91, 92: 75)",0,52,15,explanation,(1),1,5,3,"(59.9399, 10.8168)",2,2,(),"(4,7,3,4,4,5,4,6,4,7,4,3,6,7,4,7,7,5,4)"
91,14,equipment,200,400,5,0,2,(92),92,52,15,explanation,(1),1,5,3,"(59.9399, 10.8168)",2,2,(),"(4,7,3,4,4,5,4,6,4,7,4,3,6,7,4,7,7,5,4)"
92,14,equipment,200,400,20,0,2,(),91,52,15,explanation,(1),1,5,3,"(59.9365, 10.7396)",2,2,(),"(4,7,3,4,4,5,4,6,4,7,4,3,6,7,4,7,7,5,4)"
93,14,healthcare,200,400,75,0,2,"(94, 95: 75)",0,53,15,explanation,(1),1,5,3,"(59.9399, 10.8168)",2,2,(),"(4,7,3,4,4,5,4,6,4,7,4,3,6,7,4,7,7,5,4)"
94,14,equipment,200,400,5,0,2,(95),95,53,15,explanation,(1),1,5,3,"(59.9399, 10.8168)",2,2,(),"(4,7,3,4,4,5,4,6,4,7,4,3,6,7,4,7,7,5,4)"
95,14,equipment,200,400,20,0,2,(),94,53,15,explanation,(1),1,5,3,"(59.9365, 10.7396)",2,2,(),"(4,7,3,4,4,5,4,6,4,7,4,3,6,7,4,7,7,5,4)"
96,5,healthcare,100,500,70,0,2,(),0,54,16,explanation,(7),3,3,3,"(59.8357, 10.8304)",3,3,(),"(5,7,5,6,7,5,7,5,4,7,4,7,2,5,5)"
97,5,healthcare,100,500,70,0,2,(),0,55,16,explanation,(7),3,3,3,"(59.8357, 10.8304)",3,3,(),"(5,7,5,6,7,5,7,5,4,7,4,7,2,5,5)"
98,5,healthcare,100,500,70,0,2,(),0,56,16,explanation,(7),3,3,3,"(59.8357, 10.8304)",3,3,(),"(5,7,5,6,7,5,7,5,4,7,4,7,2,5,5)"
99,16,healthcare,500,580,60,0,3,"(100, 101: 30)",0,57,17,explanation,(7),3,3,4,"(59.9005, 10.8447)",3,4,(),"(6,2,4,4,2,6,2,7,6,6,4,6,3,6,2,5,5)"
100,16,equipment,500,580,10,0,1,(101),101,57,17,explanation,(7),3,3,4,"(59.9005, 10.8447)",3,4,(),"(6,2,4,4,2,6,2,7,6,6,4,6,3,6,2,5,5)"
101,16,equipment,500,580,20,0,1,(),100,57,17,explanation,(7),3,3,4,"(59.9365, 10.7396)",3,4,(),"(6,2,4,4,2,6,2,7,6,6,4,6,3,6,2,5,5)"
102,16,healthcare,500,580,60,0,3,"(103, 104: 30)",0,58,17,explanation,(7),3,3,4,"(59.9005, 10.8447)",3,4,(),"(6,2,4,4,2,6,2,7,6,6,4,6,3,6,2,5,5)"
103,16,equipment,500,580,10,0,1,(104),104,58,17,explanation,(7),3,3,4,"(59.9005, 10.8447)",3,4,(),"(6,2,4,4,2,6,2,7,6,6,4,6,3,6,2,5,5)"
104,16,equipment,500,580,20,0,1,(),103,58,17,explanation,(7),3,3,4,"(59.9365, 10.7396)",3,4,(),"(6,2,4,4,2,6,2,7,6,6,4,6,3,6,2,5,5)"
105,16,healthcare,500,580,60,0,3,"(106, 107: 30)",0,59,17,explanation,(7),3,3,4,"(59.9005, 10.8447)",3,4,(),"(6,2,4,4,2,6,2,7,6,6,4,6,3,6,2,5,5)"
106,16,equipment,500,580,10,0,1,(107),107,59,17,explanation,(7),3,3,4,"(59.9005, 10.8447)",3,4,(),"(6,2,4,4,2,6,2,7,6,6,4,6,3,6,2,5,5)"
107,16,equipment,500,580,20,0,1,(),106,59,17,explanation,(7),3,3,4,"(59.9365, 10.7396)",3,4,(),"(6,2,4,4,2,6,2,7,6,6,4,6,3,6,2,5,5)"
108,17,healthcare,0,480,30,0,2,(),0,60,18,explanation,"(8, 9, 10)",4,2,4,"(59.9271, 10.6585)",1,3,(),"(2,4,3,4)"
109,17,healthcare,0,480,30,0,2,(),0,61,18,explanation,"(8, 9, 10)",4,2,4,"(59.9271, 10.6585)",1,3,(),"(2,4,3,4)"
110,18,healthcare,0,480,30,0,3,(),0,62,19,explanation,"(11, 12, 13, 14)",5,2,4,"(59.8948, 10.8000)",2,3,(),"(3,4,4)"
111,18,healthcare,0,480,30,0,3,(),0,63,19,explanation,"(11, 12, 13, 14)",5,2,4,"(59.8948, 10.8000)",2,3,(),"(3,4,4)"
112,19,healthcare,480,960,30,0,2,(),0,64,20,explanation,"(15, 16, 17, 18, 19)",6,1,4,"(59.9336, 10.7880)",3,2,(),"(7,3,3,4,7,6,5,3,5,3,4,2,5,7)"
113,20,healthcare,0,480,30,0,2,(),0,65,21,explanation,(1),1,5,4,"(59.9218, 10.7266)",3,4,(),(4)
114,20,healthcare,0,480,30,0,2,(),0,66,21,explanation,(1),1,5,4,"(59.9218, 10.7266)",3,4,(),(4)
115,20,healthcare,0,480,30,0,2,(),0,67,21,explanation,(1),1,5,4,"(59.9218, 10.7266)",3,4,(),(4)
116,20,healthcare,0,480,30,0,2,(),0,68,21,explanation,(1),1,5,4,"(59.9218, 10.7266)",3,4,(),(4)
117,20,healthcare,0,480,30,0,2,(),0,69,21,explanation,(1),1,5,4,"(59.9218, 10.7266)",3,4,(),(4)

